warehouse_id,address_1,address_2,city,state,zipcode,price_per_skid,capacity,size,storage_pref,lowest_temp,highest_temp,owner_id,average_rating,number_of_ratings,,,,,,,state2,whcount
67,3011 E Broadway Ave,0,Phoenix,Arizona,85040,0.257753425,78076,250582,dry,75,75,10712,4,25,,5,5,Arizona,5,,Arizona,5
200,1328 W San Pedro St,0,Gilbert,Arizona,85233,0.315616438,1719,16556,dry,75,75,15365,4,21,,5,0,,,,California,78
260,1634 N 19th Ave,0,Phoenix,Arizona,85009,0.594410959,1313,12648,cooler,34,75,16884,4,12,,5,0,,,,Colorado,4
294,414 S Grand St,0,Mesa,Arizona,85210,0.384,830,4000,dry,75,75,27020,4,22,,5,0,,,,Delaware,2
295,401 N 37th Dr,0,Phoenix,Arizona,85009,0.315616438,14208,34200,climate_controlled,55,75,14904,4,18,,5,0,,,,Florida,53
8,1001 Doubleday Ave,0,Ontario,California,91761,0.526027397,163316,393118,dry,75,75,21530,4,27,,78,78,California,78,,Georgia,7
23,2400 Celsius Ave,0,Oxnard,California,93030,0.510246575,8684,27872,dry,75,75,11136,4,20,,78,0,,,,Hawaii,4
25,3233 E Mission Oaks Blvd,0,Camarillo,California,93012,0.43660274,191605,461210,climate_controlled,55,75,19974,4,26,,78,0,,,,Idaho,1
47,2361-2399 E Pacifica Pl,0,Rancho Dominguez,California,90220,0.452383562,47653,152943,climate_controlled,55,75,23670,4,23,,78,0,,,,Illinois,19
49,1580 W Carson St,0,Long Beach,California,90810,0.604931507,18190,43787,climate_controlled,55,75,11384,4,27,,78,0,,,,Iowa,1
54,2364 E Sturgis Rd,0,Oxnard,California,93030,0.457643836,1876,18064,climate_controlled,55,75,19138,4,24,,78,0,,,,Kentucky,2
57,701 Del Norte Blvd,0,Oxnard,California,93030,0.468164384,52143,125514,dry,75,75,31492,4.5,14,,78,0,,,,Louisiana,1
63,1024 Santee St,0,Los Angeles,California,90015,0.526027397,15785,50664,dry,75,75,5565,4,16,,78,0,,,,Maryland,6
68,12862 Garden Grove Blvd,0,Garden Grove,California,92843,0.773260274,5579,26863,cooler,34,75,17618,4,19,,78,0,,,,Massachusetts,5
116,11626-11632 Goldring Rd,0,Arcadia,California,91006,0.604931507,830,8000,climate_controlled,55,75,31492,4,14,,78,0,,,,Michigan,7
125,7737-7741 Burnet Ave,0,Van Nuys,California,91405,0.405041096,4517,14500,climate_controlled,55,75,26240,4,17,,78,0,,,,Nebraska,1
136,2815-2819 Southwest Dr,0,Los Angeles,California,90043,0.568109589,674,6497,climate_controlled,55,75,1401,4,23,,78,0,,,,Nevada,6
161,41203-41215 Albrae St,0,Fremont,California,94538,0.657534247,7602,24400,climate_controlled,55,75,37094,4,23,,78,0,,,,New Hampshire,2
170,1766 Junction Ave,0,San Jose,California,95112,0.515506849,11106,53471,climate_controlled,55,75,931,4,20,,78,0,,,,New Jersey,20
193,17130 Racoon Ave,0,Adelanto,California,92301,0.263013699,29600,95000,dry,75,75,36491,4,21,,78,0,,,,New York,21
196,156 W Slauson Ave,0,Los Angeles,California,90003,0.699616438,1807,17400,climate_controlled,55,75,574,4,27,,78,0,,,,North Carolina,14
202,11650 Mission Park Dr,0,Rancho Cucamonga,California,91730,0.710136986,6885,33148,dry,75,75,4431,4,19,,78,0,,,,North Dakota,1
205,17352 Derian Ave,0,Irvine,California,92614,0.415561644,41298,132545,climate_controlled,55,75,37401,4.5,26,,78,0,,,,Ohio,9
206,425 E 58th St,0,Los Angeles,California,90011,0.499726027,4085,19668,dry,75,75,12711,4,17,,78,0,,,,Oklahoma,2
208,20551 Corsair Blvd,0,Hayward,California,94545,0.473424658,4227,40700,climate_controlled,55,75,13751,4,19,,78,0,,,,Oregon,7
210,1920-1930 E 15th St,0,Los Angeles,California,90021,0.420821918,7354,35408,climate_controlled,55,75,32106,4,23,,78,0,,,,Pennsylvania,11
213,384-390 S Lemon Ave,0,Walnut,California,91789,0.657534247,2093,6720,climate_controlled,55,75,25138,4,15,,78,0,,,,Rhode Island,1
216,1634 Long Beach Ave,0,Los Angeles,California,90021,0.657534247,1869,18000,climate_controlled,55,75,1749,4,24,,78,0,,,,South Carolina,6
217,524 Malloy Ct,0,Corona,California,92880,0.552328767,2592,8320,cooler,34,75,24368,4,20,,78,0,,,,Tennessee,4
220,15310-15332 E Valley Blvd,0,City Of Industry,California,91746,0.604931507,6423,61849,climate_controlled,55,75,33546,4,22,,78,0,,,,Texas,47
222,6195 Maywood Ave,0,Huntington Park,California,90255,0.657534247,2042,9835,dry,75,75,17744,4,32,,78,0,,,,Utah,2
229,1221 Avenida Acaso,0,Camarillo,California,93012,0.578630137,5305,17027,climate_controlled,55,75,15078,4,21,,78,0,,,,Virginia,10
230,2041-2065 Commerce Ave,0,Concord,California,94520,0.604931507,4985,24000,dry,75,75,39939,4,20,,78,0,,,,Washington,3
233,740 Market Richmond Ca,0,Richmond,California,94801,0.789041096,3738,12000,climate_controlled,55,75,26463,4.5,17,,78,0,,,,West Virginia,1
234,18740 Oxnard St,0,Tarzana,California,91356,0.762739726,6515,31366,climate_controlled,55,75,19545,4,25,,78,0,,,,,
236,161 Quantico Ave,0,Bakersfield,California,93307,0.336657534,342,3300,dry,75,75,29110,4.5,19,,78,0,,,,,
237,1715 Wall St,0,Los Angeles,California,90015,0.736438356,4050,13000,climate_controlled,55,75,32760,4,18,,78,0,,,,,
239,6 Mason,0,Irvine,California,92618,0.657534247,12581,30284,climate_controlled,55,75,23830,4,28,,78,0,,,,,
245,1359 E Washington Blvd,0,Los Angeles,California,90021,0.394520548,1557,5000,dry,75,75,23830,4,11,,78,0,,,,,
246,1355 E Washington Blvd,0,Los Angeles,California,90021,0.394520548,1165,5610,climate_controlled,55,75,16327,4.5,20,,78,0,,,,,
247,17521 Railroad St,0,City of Industry,California,91748,0.736438356,12392,29829,dry,75,75,18836,4,16,,78,0,,,,,
248,1121 Wakeham Ave,0,Santa Ana,California,92705,0.657534247,1419,13670,cooler,34,75,11384,4.5,19,,78,0,,,,,
249,16031 Carmenita Rd,0,Cerritos,California,90703,0.515506849,8759,28112,climate_controlled,55,75,1178,4,19,,78,0,,,,,
253,3802 Main St,0,Chula Vista,California,91911,0.552328767,4941,15860,climate_controlled,55,75,31315,4,21,,78,0,,,,,
257,7631-7637 Haskell Ave,0,Van Nuys,California,91406,0.573369863,12395,39783,dry,75,75,17630,4,16,,78,0,,,,,
261,6201 Warehouse Way,0,Sacramento,California,95826,0.341917808,5296,17000,dry,75,75,28280,4,12,,78,0,,,,,
271,440 S Alameda St,0,Los Angeles,California,90013,0.657534247,2783,6700,dry,75,75,11660,4,27,,78,0,,,,,
272,19420 Creek Rd,0,Shafter,California,93314,0.394520548,747,7200,climate_controlled,55,75,2897,4.5,14,,78,0,,,,,
273,2425 E 30th St,0,Vernon,California,90058,0.473424658,23135,74252,dry,75,75,30717,4,24,,78,0,,,,,
274,849-855 29th St,0,Oakland,California,94608,0.657534247,3281,15800,dry,75,75,10733,4,22,,78,0,,,,,
275,6407-6419 Alondra Blvd,0,Paramount,California,90723,0.483945205,6824,16428,climate_controlled,55,75,26171,4,25,,78,0,,,,,
276,7790-7820 Bell Rd,0,Windsor,California,95492,0.657534247,2039,19640,climate_controlled,55,75,11880,4,19,,78,0,,,,,
280,3227 Producer Way,0,Pomona,California,91768,0.473424658,3636,35010,climate_controlled,55,75,24368,4,19,,78,0,,,,,
281,6000 Schirra Ct,0,Bakersfield,California,93313,0.452383562,934,3000,cooler,34,75,4516,4,13,,78,0,,,,,
282,2890 E 54th St,0,Vernon,California,90058,0.415561644,23883,114980,frozen,0,75,33546,4,37,,78,0,,,,,
284,13100 Telfair Ave,0,Sylmar,California,91342,0.762739726,12390,119300,climate_controlled,55,75,30108,4,26,,78,0,,,,,
285,1115 E 12th St,0,Los Angeles,California,90021,0.499726027,1346,4320,dry,75,75,13658,4,36,,78,0,,,,,
289,2021 E Via Burton St,0,Fullerton,California,92831,0.515506849,8412,27000,dry,75,75,38779,4,18,,78,0,,,,,
290,9600 Cozycroft Ave,0,Chatsworth,California,91311,0.710136986,582,2805,climate_controlled,55,75,20656,4,12,,78,0,,,,,
298,380 N Palm St,0,Brea,California,92821,0.604931507,2692,12960,climate_controlled,55,75,7541,4,23,,78,0,,,,,
308,125-137 E 33rd St,0,Los Angeles,California,90011,0.499726027,5193,50000,climate_controlled,55,75,14557,4,18,,78,0,,,,,
310,3731 W Richert Ave,0,Fresno,California,93722,0.315616438,1038,5000,climate_controlled,55,75,34188,4.5,21,,78,0,,,,,
325,2306 La Mirada Dr,0,Vista,California,92081,0.547068493,1255,4028,dry,75,75,17630,4,21,,78,0,,,,,
326,3602 Mars Way,0,Tracy,California,95377,0.447123288,6281,30240,climate_controlled,55,75,20449,4,20,,78,0,,,,,
327,1001-1047 Pecten Ct,0,Milpitas,California,95035,0.683835616,10025,24132,climate_controlled,55,75,19021,4,20,,78,0,,,,,
328,894-902 Commercial St,0,San Jose,California,95112,0.604931507,2824,27200,dry,75,75,11644,4,14,,78,0,,,,,
332,9400-9416 Burtis St,0,South Gate,California,90280,0.510246575,3274,31525,climate_controlled,55,75,1464,4,22,,78,0,,,,,
336,1201 Pennsylvania Ave,0,Richmond,California,94801,0.789041096,1152,11100,frozen,0,75,10857,4,39,,78,0,,,,,
337,2711-2715 S Main St,0,Los Angeles,California,90007,0.473424658,12463,40000,climate_controlled,55,75,10095,4,21,,78,0,,,,,
340,17376 Newhope St,0,Fountain Valley,California,92708,0.604931507,809,7790,climate_controlled,55,75,931,4,18,,78,0,,,,,
341,5220 4th St,0,Irwindale,California,91706,0.604931507,8973,28800,climate_controlled,55,75,15365,4,17,,78,0,,,,,
345,2420 Mohawk St,0,Bakersfield,California,93308,0.499726027,2090,6710,climate_controlled,55,75,4516,4.5,26,,78,0,,,,,
346,5318 Alhambra Ave,0,Los Angeles,California,90032,0.620712329,1218,5864,climate_controlled,55,75,25456,4,36,,78,0,,,,,
348,2851 E White Star Ave,0,Anaheim,California,92806,0.578630137,1033,9948,dry,75,75,17744,4,17,,78,0,,,,,
349,17145 S Margay Ave,0,Carson,California,90746,0.499726027,49935,160266,climate_controlled,55,75,29023,4,27,,78,0,,,,,
350,1511 Francisco St,0,Torrance,California,90501,0.552328767,8062,38815,climate_controlled,55,75,5595,4,22,,78,0,,,,,
355,436 N Canal St,0,South San Francisco,California,94080,0.789041096,16617,40000,climate_controlled,55,75,25194,4,21,,78,0,,,,,
357,8511 Canoga Ave,0,Canoga Park,California,91304,0.631232877,3762,12076,climate_controlled,55,75,16016,4,24,,78,0,,,,,
358,1462 Tanforan Ave,0,Woodland,California,95776,0.420821918,7976,38400,climate_controlled,55,75,12393,4,22,,78,0,,,,,
359,3543 Old Conejo Rd,0,Newbury Park,California,91320,0.736438356,8954,21554,dry,75,75,6257,4,29,,78,0,,,,,
360,831 Meridian St,0,Irwindale,California,91010,0.604931507,584,5625,climate_controlled,55,75,5920,4,15,,78,0,,,,,
369,11290 Trade Center Dr,0,Rancho Cordova,California,95742,0.289315068,3614,11600,dry,75,75,10733,4,18,,78,0,,,,,
377,360 Bernoulli Cir,0,Oxnard,California,93030,0.43660274,4288,13765,climate_controlled,55,75,13736,4,29,,78,0,,,,,
118,21055 Westgate Rd,0,Golden,Colorado,80403,0.241972603,9569,46071,dry,75,75,38892,4,14,,4,4,Colorado,4,,,
143,3988-3990 Ulster St,0,Denver,Colorado,80207,0.552328767,3323,8000,climate_controlled,55,75,19021,4,26,,4,0,,,,,
211,9085 Marshall Ct,0,Westminster,Colorado,80031,0.394520548,17393,41868,climate_controlled,55,75,17618,4,20,,4,0,,,,,
279,10235 S Progress Way,0,Parker,Colorado,80134,0.604931507,5089,12250,climate_controlled,55,75,27952,4,26,,4,0,,,,,
58,1069-1085 Connecticut Ave,0,Bridgeport,Connecticut,6607,0.047342466,22513,216765,climate_controlled,55,75,13258,4,18,,4,0,,,,,
134,30 Pocono Rd,0,Brookfield,Connecticut,6804,0.294575342,4652,22400,climate_controlled,55,75,15914,4.5,21,,4,0,,,,,
157,314 Wilson Ave,0,Norwalk,Connecticut,6854,0.547068493,17136,55000,climate_controlled,55,75,23670,4,28,,4,0,,,,,
371,500 Captain Neville Dr,0,Waterbury,Connecticut,6705,0.210410959,23160,55750,climate_controlled,55,75,14352,4,16,,4,0,,,,,
80,300 Gabor Dr,0,Newark,Delaware,19713,0.352438356,3323,32000,climate_controlled,55,75,10853,4,27,,2,2,Delaware,2,,,
105,60 Starlifter Ave,0,Dover,Delaware,19901,0.184109589,75527,242400,climate_controlled,55,75,27963,4,31,,2,0,,,,,
18,3200 NW 67th Ave,0,Miami,Florida,33166,0.457643836,17522,168716,dry,75,75,1525,4,15,,53,53,Florida,53,,,
33,2041 NW 15th Ave,0,Pompano Beach,Florida,33069,0.526027397,16380,39430,climate_controlled,55,75,37017,4,15,,53,0,,,,,
34,4140 SW 30th Ave,0,Fort Lauderdale,Florida,33312,0.394520548,14021,135000,climate_controlled,55,75,21451,4,23,,53,0,,,,,
37,1110 NE 8th Ave,0,Fort Lauderdale,Florida,33304,0.657534247,12338,29700,dry,75,75,31764,4,22,,53,0,,,,,
43,7121-7125 NW 6th Ave,0,Miami,Florida,33150,0.43660274,5215,16740,dry,75,75,33355,4,25,,53,0,,,,,
44,51 Hypoluxo Rd,0,Lantana,Florida,33462,0.347178082,11711,56382,dry,75,75,1279,4.5,23,,53,0,,,,,
55,3850 W 108th St,0,Hialeah,Florida,33018,0.315616438,78518,252000,climate_controlled,55,75,22473,4,23,,53,0,,,,,
61,2310 S Dock St,0,Palmetto,Florida,34221,0.220931507,20772,50000,climate_controlled,55,75,19974,4,20,,53,0,,,,,
62,7620-7634 NW 6th Ave,0,Boca Raton,Florida,33487,0.657534247,5876,56580,dry,75,75,27113,4,20,,53,0,,,,,
75,Old Tampa Hwy,0,Lakeland,Florida,33811,0.220931507,373896,900000,climate_controlled,55,75,29271,4,24,,53,0,,,,,
87,7400 US Highway 19,0,New Port Richey,Florida,34652,0.43660274,8214,19774,dry,75,75,11880,4,20,,53,0,,,,,
88,7801 NW 29th St,0,Miami,Florida,33122,0.746958904,741,7135,frozen,0,75,36491,4,51,,53,0,,,,,
92,601 N Congress Ave,0,Delray Beach,Florida,33445,0.789041096,6198,59682,climate_controlled,55,75,34342,4,32,,53,0,,,,,
94,4427 Pet Ln,0,Lutz,Florida,33559,0.341917808,11906,57320,cooler,34,75,22001,4.5,21,,53,0,,,,,
101,1020 Holland Dr,0,Boca Raton,Florida,33487,0.789041096,11344,36410,climate_controlled,55,75,12711,4,27,,53,0,,,,,
117,6101 45th St N,0,Saint Petersburg,Florida,33714,0.263013699,24926,80000,dry,75,75,25843,4,22,,53,0,,,,,
120,2540 NW 74th St,0,Miami,Florida,33147,0.568109589,1350,13000,climate_controlled,55,75,16330,4,21,,53,0,,,,,
122,7790 NW 32nd St,0,Miami,Florida,33122,0.699616438,1329,6400,dry,75,75,10095,4,16,,53,0,,,,,
149,3830 W 104th St,0,Hialeah,Florida,33018,0.315616438,623160,2000000,cooler,34,75,28659,4,19,,53,0,,,,,
151,1440 SW 28th Ave,0,Pompano Beach,Florida,33069,0.43660274,10674,25695,climate_controlled,55,75,19138,4,18,,53,0,,,,,
160,2335 NW 107th Ave,0,Doral,Florida,33172,0.352438356,40935,394138,cooler,34,75,15365,4,21,,53,0,,,,,
166,2315 NW 107th Ave,0,Doral,Florida,33172,0.352438356,81870,394139,climate_controlled,55,75,18240,4,20,,53,0,,,,,
178,420 6th St,0,West Palm Beach,Florida,33401,0.583890411,1273,6130,dry,75,75,33115,4,19,,53,0,,,,,
198,6991-6995 NW 82nd Ave,0,Miami,Florida,33166,0.520767123,21248,102295,dry,75,75,28617,4,18,,53,0,,,,,
201,6855 US Hwy 41,0,Apollo Beach,Florida,33572,0.273534247,26795,86000,climate_controlled,55,75,14801,4,20,,53,0,,,,,
215,1151-1155 NW 159th Dr,0,Miami,Florida,33169,0.405041096,5014,12071,dry,75,75,31764,4,19,,53,0,,,,,
218,2910 NW 17th Ter,0,Oakland Park,Florida,33311,0.547068493,1468,7070,dry,75,75,15174,4,20,,53,0,,,,,
228,6457 Hazeltine National Dr,0,Orlando,Florida,32822,0.562849315,5296,51000,dry,75,75,23988,4,22,,53,0,,,,,
254,11820 Uradco Pl,0,San Antonio,Florida,33576,0.30509589,7270,35000,climate_controlled,55,75,14141,4,17,,53,0,,,,,
258,6121-6131 Anno Ave,0,Orlando,Florida,32809,0.294575342,8121,39100,cooler,34,75,25456,4.5,24,,53,0,,,,,
262,4501 E Columbus Dr,0,Tampa,Florida,33605,0.526027397,2513,12100,climate_controlled,55,75,13457,4,21,,53,0,,,,,
263,1205-1421 Hill Ave,0,Mangonia Park,Florida,33407,0.426082192,26719,64316,climate_controlled,55,75,30717,4,25,,53,0,,,,,
267,5081 SW 48th St,0,Davie,Florida,33314,0.615452055,4486,10800,climate_controlled,55,75,21102,4,13,,53,0,,,,,
269,1020 W Eau Gallie Blvd,0,Melbourne,Florida,32935,0.547068493,6895,22130,cooler,34,75,22367,4,19,,53,0,,,,,
278,1455 E 11th Ave,0,Hialeah,Florida,33010,0.33139726,6522,31400,dry,75,75,17298,4,22,,53,0,,,,,
286,1544 Market Cir,0,Port Charlotte,Florida,33953,0.310356164,3323,16000,climate_controlled,55,75,4431,4,28,,53,0,,,,,
287,3065 Fowler St,0,Fort Myers,Florida,33901,0.220931507,6926,16672,cooler,34,75,19336,4,18,,53,0,,,,,
288,9601 N Main St,0,Jacksonville,Florida,32218,0.220931507,30288,291625,cooler,34,75,1666,4,13,,53,0,,,,,
296,4664 Elevation Way,0,Fort Myers,Florida,33905,0.415561644,1278,12310,cooler,34,75,29235,4,15,,53,0,,,,,
297,10800 NW 106th St,0,Miami,Florida,33178,0.431342466,84101,269918,climate_controlled,55,75,16884,4,25,,53,0,,,,,
305,2727 Clydo Rd,0,Jacksonville,Florida,32207,0.278794521,10905,35000,climate_controlled,55,75,23666,4,15,,53,0,,,,,
315,2495-2501 W 80th St,0,Hialeah,Florida,33016,0.526027397,5770,13890,cooler,34,75,28327,4,19,,53,0,,,,,
316,1230 Commerce Ct,0,Sarasota,Florida,34243,0.394520548,207,2000,dry,75,75,10678,4,22,,53,0,,,,,
317,548 NE 42nd St,0,Fort Lauderdale,Florida,33334,0.526027397,2409,7732,dry,75,75,34752,4,17,,53,0,,,,,
319,12477 N 66th St,0,Largo,Florida,33773,0.604931507,2110,5080,climate_controlled,55,75,3147,4,16,,53,0,,,,,
321,5600-5660 NW 79th Ave,0,Miami,Florida,33166,0.683835616,5076,16292,cooler,34,75,22473,4,21,,53,0,,,,,
322,8570-8590 NW 56th St,0,Miami,Florida,33166,0.483945205,4985,24000,climate_controlled,55,75,4431,4,18,,53,0,,,,,
323,3560 Veronica S Shoemaker Blvd,0,Fort Myers,Florida,33916,0.247232877,7141,17190,climate_controlled,55,75,17618,3.5,14,,53,0,,,,,
334,4169 Electric Way,0,Port Charlotte,Florida,33980,0.415561644,1121,5400,climate_controlled,55,75,11099,4,18,,53,0,,,,,
361,670 W 20th St,0,Hialeah,Florida,33010,0.347178082,5338,17135,dry,75,75,32214,4,13,,53,0,,,,,
366,5602-5634 W Linebaugh Ave,0,Tampa,Florida,33624,0.33139726,3590,17284,climate_controlled,55,75,12667,4,24,,53,0,,,,,
372,5056-5066 NE 12th Ave,0,Oakland Park,Florida,33334,0.557589041,571,5500,climate_controlled,55,75,19729,4,21,,53,0,,,,,
378,10505-10545 NW 37th Ter,0,Miami,Florida,33178,0.515506849,1454,7000,climate_controlled,55,75,36950,4,28,,53,0,,,,,
85,110 W McCarter Rd,0,La Fayette,Georgia,30728,0.136767123,36454,117000,dry,75,75,9332,4,24,,7,7,Georgia,7,,,
131,1401 Hills Pl NW,0,Atlanta,Georgia,30318,0.284054795,13266,31934,dry,75,75,18214,4,18,,7,0,,,,,
227,450 S Cemetery St,0,Norcross,Georgia,30071,0.352438356,6480,15600,dry,75,75,37599,4.5,17,,7,0,,,,,
265,470 Woods Mill Rd,0,Gainesville,Georgia,30501,0.163068493,31875,102302,climate_controlled,55,75,27271,4,23,,7,0,,,,,
301,1017 Franke Industrial Dr,0,Augusta,Georgia,30909,0.352438356,2336,7500,climate_controlled,55,75,3223,4.5,17,,7,0,,,,,
338,2365 Monroe Dr,0,Gainesville,Georgia,30507,0.268273973,1495,7200,climate_controlled,55,75,16884,4,26,,7,0,,,,,
365,319 Rocking D Rd,0,Temple,Georgia,30179,0.226191781,5452,17500,cooler,34,75,34694,4,19,,7,0,,,,,
190,94-480 Akoki St,0,Waipahu,Hawaii,96797,0.683835616,3252,15656,climate_controlled,55,75,13181,4,20,,4,4,Hawaii,4,,,
250,401 Hookahi St,0,Wailuku,Hawaii,96793,0.710136986,2575,12397,dry,75,75,25693,4,18,,4,0,,,,,
299,279 Puuhale Rd,0,Honolulu,Hawaii,96819,0.710136986,997,2400,climate_controlled,55,75,23552,4,23,,4,0,,,,,
363,1808 Republican St,0,Honolulu,Hawaii,96819,0.789041096,4154,10000,climate_controlled,55,75,20342,4,28,,4,0,,,,,
214,2178 W Centurion Pl,0,Boise,Idaho,83709,0.347178082,1437,6922,dry,75,75,30108,4,23,,1,1,Idaho,1,,,
5,1900 N Austin Ave,0,Chicago,Illinois,60639,0.30509589,72702,700000,climate_controlled,55,75,33546,4,22,,19,19,Illinois,19,,,
71,450 E Bunker Ct,0,Vernon Hills,Illinois,60061,0.252493151,19694,63210,climate_controlled,55,75,22232,4,29,,19,0,,,,,
76,1231-1233 Naperville Dr,0,Romeoville,Illinois,60446,0.373479452,3140,30233,climate_controlled,55,75,30217,4,21,,19,0,,,,,
97,731 N 17th St,0,Saint Charles,Illinois,60174,0.347178082,22745,73000,climate_controlled,55,75,23084,4,23,,19,0,,,,,
103,750 N 17th St,0,Saint Charles,Illinois,60174,0.241972603,7893,19000,climate_controlled,55,75,29548,4.5,14,,19,0,,,,,
106,761 N 17th St,0,Saint Charles,Illinois,60174,0.368219178,16056,77300,climate_controlled,55,75,13603,4,23,,19,0,,,,,
111,580 Exchange Ct,0,Aurora,Illinois,60504,0.43660274,12504,30100,climate_controlled,55,75,2897,4,19,,19,0,,,,,
112,1010 W 35th St,0,Chicago,Illinois,60609,0.526027397,24926,240000,climate_controlled,55,75,16327,4,27,,19,0,,,,,
113,3501 Woodhead Dr,0,Northbrook,Illinois,60062,0.526027397,6007,19280,climate_controlled,55,75,27952,4,23,,19,0,,,,,
140,220 Lake Ave,0,Lake Villa,Illinois,60046,0.205150685,934,9000,climate_controlled,55,75,1666,4,17,,19,0,,,,,
162,14723 S Drexel Ave,0,Dolton,Illinois,60419,0.241972603,33650,162000,dry,75,75,4854,4,24,,19,0,,,,,
169,554 Anderson Dr,0,Romeoville,Illinois,60446,0.615452055,3738,12000,cooler,34,75,2897,4,17,,19,0,,,,,
259,914-926 Geneva Ct,0,Shorewood,Illinois,60404,0.394520548,5816,14000,dry,75,75,7883,4,21,,19,0,,,,,
270,2400 Hassell Rd,0,Hoffman Estates,Illinois,60169,0.394520548,7608,36630,dry,75,75,10678,4,16,,19,0,,,,,
293,1663-1683 S Mount Prospect Rd,0,Des Plaines,Illinois,60018,0.315616438,16202,52000,climate_controlled,55,75,12743,4,27,,19,0,,,,,
329,4573-4575 Wagon Wheel Rd,0,Roxana,Illinois,62087,0.263013699,2305,7400,climate_controlled,55,75,25843,4,28,,19,0,,,,,
351,464-480 Country Club Dr,0,Bensenville,Illinois,60106,0.373479452,12463,30000,climate_controlled,55,75,4854,4,22,,19,0,,,,,
353,9200 W 47th St,0,Brookfield,Illinois,60513,0.552328767,1503,4825,climate_controlled,55,75,36026,4.5,19,,19,0,,,,,
364,7535 Lincoln Ave,0,Skokie,Illinois,60076,0.405041096,1348,12980,climate_controlled,55,75,11998,4,24,,19,0,,,,,
95,1300 SE Little Beaver Dr,0,Grimes,Iowa,50111,0.194630137,45698,110000,climate_controlled,55,75,21245,4,16,,1,1,Iowa,1,,,
181,1150 W 151st St,0,Olathe,Kansas,66061,0.30509589,6292,20196,dry,75,75,32759,4,19,,1,0,,,,,
195,1510 Greendale Rd,0,Lexington,Kentucky,40511,0.263013699,50268,121000,dry,75,75,19931,4,21,,2,2,Kentucky,2,,,
307,1730 Russell St,0,Covington,Kentucky,41011,0.215671233,28004,67410,dry,75,75,15410,4,18,,2,0,,,,,
119,1861 Bayou Dinde Pass,0,Westlake,Louisiana,70669,0.526027397,4486,10800,dry,75,75,18836,4,26,,1,1,Louisiana,1,,,
10,750 Warren Ave,0,Portland,Maine,4103,0.33139726,8425,27040,climate_controlled,55,75,4061,4,24,,1,0,,,,,
64,1101 Hampton Park Blvd,0,Capitol Heights,Maryland,20743,0.362958904,27473,132260,climate_controlled,55,75,13880,4.5,26,,6,6,Maryland,6,,,
110,1100-1146 Taft St,0,Rockville,Maryland,20850,0.694356164,6231,30000,dry,75,75,23670,4,17,,6,0,,,,,
311,11844-11882 Coakley Cir,0,Rockville,Maryland,20852,0.43660274,17725,42668,dry,75,75,27281,4,21,,6,0,,,,,
320,11800-11836 Coakley Cir,0,Rockville,Maryland,20852,0.43660274,4431,42668,dry,75,75,21102,4,22,,6,0,,,,,
333,15123 Marlboro Pike,0,Upper Marlboro,Maryland,20772,0.263013699,46737,150000,dry,75,75,19336,4,19,,6,0,,,,,
347,12118 Conway Rd,0,Beltsville,Maryland,20705,0.30509589,3877,9334,climate_controlled,55,75,18276,4,20,,6,0,,,,,
14,58 Pulaski St,0,Peabody,Massachusetts,1960,0.089424658,53435,171500,dry,75,75,9382,4,16,,5,5,Massachusetts,5,,,
20,71 Linden St,0,Lynn,Massachusetts,1905,0.241972603,24495,117924,dry,75,75,20737,4,15,,5,0,,,,,
135,63-65 South St,0,Hopkinton,Massachusetts,1748,0.594410959,24926,60000,cooler,34,75,288,4,25,,5,0,,,,,
188,1 Kiddie Dr,0,Avon,Massachusetts,2322,0.220931507,13501,130000,frozen,0,75,1484,4,41,,5,0,,,,,
204,47 Langdon St,0,Boston,Massachusetts,2119,0.526027397,405,3900,dry,75,75,36491,4,23,,5,0,,,,,
93,3900 E Outer Dr,0,Detroit,Michigan,48234,0.210410959,77895,250000,dry,75,75,12711,4,22,,7,7,Michigan,7,,,
96,60 Baldwin Ave,0,Pontiac,Michigan,48342,0.168328767,36351,350000,dry,75,75,22568,4,18,,7,0,,,,,
142,42150 Mound Rd,0,Sterling Heights,Michigan,48314,0.299835616,3365,16200,climate_controlled,55,75,27779,4,18,,7,0,,,,,
153,25000 Trans-X Rd,0,Novi,Michigan,48375,0.263013699,5804,18630,climate_controlled,55,75,36491,4,23,,7,0,,,,,
194,1600 Clay St,0,Detroit,Michigan,48211,0.131506849,456984,2200000,climate_controlled,55,75,19931,4,22,,7,0,,,,,
256,6900 E 14 Mile Rd,0,Warren,Michigan,48092,0.431342466,934,9000,frozen,0,75,23666,4,45,,7,0,,,,,
264,34691-34697 Nova Dr,0,Clinton Township,Michigan,48035,0.526027397,581,5600,climate_controlled,55,75,26240,4,21,,7,0,,,,,
69,2300 Clark Ave,0,Saint Louis,Missouri,63103,0.30509589,18279,44000,dry,75,75,23030,3.5,17,,7,0,,,,,
77,8201 E 23rd St,0,Kansas City,Missouri,64129,0.184109589,1199583,3850000,cooler,34,75,9332,4,12,,7,0,,,,,
86,11990 Missouri Bottom Rd,0,Hazelwood,Missouri,63042,0.173589041,22226,107000,frozen,0,75,25138,4.5,47,,7,0,,,,,
104,2051-2067 Concourse Dr,0,Maryland Heights,Missouri,63146,0.373479452,1759,16945,climate_controlled,55,75,31492,4,17,,7,0,,,,,
159,5-49 Cassens Ct,0,Fenton,Missouri,63026,0.33139726,27917,67200,dry,75,75,39836,4,18,,7,0,,,,,
219,1232-1248 W US Highway 40,0,Odessa,Missouri,64076,0.173589041,9555,23000,dry,75,75,21885,4.5,22,,7,0,,,,,
291,12935 Gravois Rd,0,Saint Louis,Missouri,63127,0.30509589,8308,20000,dry,75,75,2324,4,19,,7,0,,,,,
203,201 NW 28th St,0,Lincoln,Nebraska,68528,0.263013699,4985,12000,frozen,0,75,14863,4,45,,1,1,Nebraska,1,,,
9,7155 S Buffalo Dr,0,Las Vegas,Nevada,89113,0.499726027,7464,71872,climate_controlled,55,75,288,4,17,,6,6,Nevada,6,,,
30,2545 W Cheyenne Ave,0,Las Vegas,Nevada,89129,0.405041096,830,8000,climate_controlled,55,75,3390,4,29,,6,0,,,,,
42,86 Corporate Park Dr,0,Henderson,Nevada,89074,0.483945205,793,7644,climate_controlled,55,75,21036,4,18,,6,0,,,,,
108,980 American Pacific Dr,0,Henderson,Nevada,89014,0.368219178,6231,60000,climate_controlled,55,75,174,4,19,,6,0,,,,,
152,1170 Center Point Dr,0,Henderson,Nevada,89074,0.604931507,264,2548,climate_controlled,55,75,72,4,23,,6,0,,,,,
374,1151 Grier Dr,0,Las Vegas,Nevada,89119,0.336657534,21211,102116,climate_controlled,55,75,29058,4,20,,6,0,,,,,
168,101 E Industrial Park Dr,0,Manchester,New Hampshire,3109,0.30509589,5057,48700,climate_controlled,55,75,36116,4,25,,2,2,New Hampshire,2,,,
318,28 Locke Rd,0,Concord,New Hampshire,3301,0.30509589,4356,20972,climate_controlled,55,75,10161,4,26,,2,0,,,,,
28,1005 Whitehead Road Ext,0,Ewing,New Jersey,8638,0.30509589,18694,90000,dry,75,75,21705,4,13,,20,20,New Jersey,20,,,
29,50 Maple St,0,Norwood,New Jersey,7648,0.30509589,21615,52030,climate_controlled,55,75,26171,4.5,27,,20,0,,,,,
36,1445 Lower Ferry Rd,0,Ewing,New Jersey,8618,0.30509589,27626,133000,climate_controlled,55,75,12354,4,24,,20,0,,,,,
53,285 Ridge Rd,0,Dayton,New Jersey,8810,0.352438356,159655,384304,climate_controlled,55,75,8045,4,25,,20,0,,,,,
81,120 Stryker Ln,0,Hillsborough,New Jersey,8844,0.568109589,942,3024,dry,75,75,6168,4,16,,20,0,,,,,
98,120 Stryker Ln,0,Hillsborough,New Jersey,8844,0.568109589,560,2700,climate_controlled,55,75,4443,4,23,,20,0,,,,,
115,585-601 Nassau St,0,North Brunswick,New Jersey,8902,0.33139726,35793,86158,dry,75,75,7883,4,21,,20,0,,,,,
124,36 Peel St,0,Paterson,New Jersey,7524,0.394520548,1038,10000,dry,75,75,159,4,15,,20,0,,,,,
127,707 Commercial Ave,0,Carlstadt,New Jersey,7072,0.373479452,13294,32000,dry,75,75,17630,4,14,,20,0,,,,,
129,100 3rd Ave,0,Kearny,New Jersey,7032,0.33139726,31282,100400,dry,75,75,30411,4,19,,20,0,,,,,
132,3 Aspen Dr,0,Randolph,New Jersey,7869,0.394520548,2284,22000,climate_controlled,55,75,30023,4,28,,20,0,,,,,
147,7001 Anpesil Dr,0,North Bergen,New Jersey,7047,0.604931507,85165,205000,cooler,34,75,3147,4,23,,20,0,,,,,
154,24 Troy Rd,0,Whippany,New Jersey,7981,0.362958904,12255,59000,dry,75,75,1525,4,20,,20,0,,,,,
163,433 Murray Hill Pky,0,East Rutherford,New Jersey,7073,0.384,41556,100031,climate_controlled,55,75,28092,4,17,,20,0,,,,,
180,3001 Woodbridge Ave,0,Edison,New Jersey,8837,0.526027397,40819,393025,climate_controlled,55,75,8431,4,23,,20,0,,,,,
191,300 Columbia Ave,0,Lodi,New Jersey,7644,0.33139726,31158,75000,dry,75,75,36493,4,17,,20,0,,,,,
212,326 N 14th St,0,Kenilworth,New Jersey,7033,0.526027397,1580,15216,climate_controlled,55,75,24442,4,15,,20,0,,,,,
240,185 Van Winkle Ave,0,Hawthorne,New Jersey,7506,0.347178082,2775,26721,cooler,34,75,17724,4,8,,20,0,,,,,
243,22 Columbus Ave,0,Kenilworth,New Jersey,7033,0.373479452,10203,24560,climate_controlled,55,75,9382,4.5,23,,20,0,,,,,
367,10 Astro Pl,0,Rockaway,New Jersey,7866,0.426082192,9804,23600,climate_controlled,55,75,7883,4,16,,20,0,,,,,
3,334 County Route 49,0,Middletown,New York,10940,0.33139726,27211,131000,dry,75,75,40130,4,21,,21,21,New York,21,,,
4,3235 48th Ave,0,Long Island City,New York,11101,0.657534247,157867,380000,climate_controlled,55,75,4500,4,28,,21,0,,,,,
12,344 Duffy Ave,0,Hicksville,New York,11801,0.746958904,81264,195610,climate_controlled,55,75,17298,4.5,22,,21,0,,,,,
15,30-30A 60th St,0,Woodside,New York,11377,0.789041096,60540,291454,dry,75,75,17148,4,21,,21,0,,,,,
17,45 Turner Dr,0,Middletown,New York,10941,0.43660274,69253,166700,climate_controlled,55,75,931,4,21,,21,0,,,,,
22,112-114 Baker St,0,Syracuse,New York,13206,0.131506849,6605,63600,cooler,34,75,6168,4,14,,21,0,,,,,
26,333 N Bedford Rd,0,Mount Kisco,New York,10549,0.615452055,62741,604095,dry,75,75,20656,4,18,,21,0,,,,,
27,100 Wells Ave,0,Congers,New York,10920,0.43660274,7789,25000,dry,75,75,19545,4,23,,21,0,,,,,
31,101 Ellis St,0,Staten Island,New York,10307,0.746958904,16918,54300,climate_controlled,55,75,13603,4,23,,21,0,,,,,
48,55 Fields Ln,0,North Salem,New York,10560,0.415561644,3738,18000,climate_controlled,55,75,35040,4,19,,21,0,,,,,
72,57 Seaview Blvd,0,Port Washington,New York,11050,0.504986301,27180,130853,cooler,34,75,21042,4,18,,21,0,,,,,
84,303 Smith St,0,Farmingdale,New York,11735,0.368219178,10032,96600,dry,75,75,11638,4,24,,21,0,,,,,
121,200 E 2nd St,0,Huntington Station,New York,11746,0.578630137,18694,60000,climate_controlled,55,75,19729,4,18,,21,0,,,,,
130,11060 Dunkirk St,0,Jamaica,New York,11412,0.526027397,19110,92000,dry,75,75,25742,4,21,,21,0,,,,,
141,1250-1260 Utica Ave,0,Brooklyn,New York,11203,0.789041096,4206,13500,climate_controlled,55,75,19357,4,18,,21,0,,,,,
148,1-9 Hicks,0,North Amityville,New York,11701,0.43660274,667,6430,climate_controlled,55,75,34906,4,13,,21,0,,,,,
165,79 Carlough Rd,0,Bohemia,New York,11716,0.526027397,3894,12500,climate_controlled,55,75,35040,4,17,,21,0,,,,,
184,20 Old Route 6,0,Carmel,New York,10512,0.615452055,445,4290,climate_controlled,55,75,25456,4,14,,21,0,,,,,
185,10110 Van Wyck Expy,0,Jamaica,New York,11419,0.789041096,13709,44000,cooler,34,75,5920,4,12,,21,0,,,,,
189,900 Hiawatha Blvd E,0,Syracuse,New York,13208,0.273534247,40505,130000,climate_controlled,55,75,17783,4,25,,21,0,,,,,
221,281 Skip Ln,0,Bay Shore,New York,11706,0.468164384,9970,32000,dry,75,75,15914,4.5,16,,21,0,,,,,
7,650 Broome St,0,Monroe,North Carolina,28110,0.199890411,8308,40000,climate_controlled,55,75,35593,4,16,,14,14,North Carolina,14,,,
13,188 Patton Ave,0,Asheville,North Carolina,28801,0.615452055,786,7575,dry,75,75,11075,4,16,,14,0,,,,,
24,7300 Reames Rd,0,Charlotte,North Carolina,28216,0.157808219,69433,334264,climate_controlled,55,75,28092,4,20,,14,0,,,,,
32,1001-2001 Partnership Dr,0,Shelby,North Carolina,28150,0.173589041,20772,100000,climate_controlled,55,75,5565,4,23,,14,0,,,,,
59,800 Technology Dr,0,Fayetteville,North Carolina,28306,0.184109589,80998,259960,dry,75,75,18294,4,15,,14,0,,,,,
102,915 Curtis St,0,Monroe,North Carolina,28112,0.163068493,19131,92100,dry,75,75,16327,4,22,,14,0,,,,,
224,3415 Denver Dr,0,Denver,North Carolina,28037,0.33139726,623,6000,frozen,0,75,16042,4,33,,14,0,,,,,
226,3300 Oak Lake Blvd,0,Charlotte,North Carolina,28208,0.347178082,3629,17472,dry,75,75,2525,4.5,21,,14,0,,,,,
232,3123 Cedar Park,0,Greensboro,North Carolina,27405,0.157808219,1038,10000,climate_controlled,55,75,19389,4,24,,14,0,,,,,
255,2611 Lavista Dr,0,Burlington,North Carolina,27215,0.152547945,59481,143177,dry,75,75,31492,4,25,,14,0,,,,,
302,551 NW Pitts School Rd,0,Concord,North Carolina,28027,0.384,1661,8000,dry,75,75,72,4,21,,14,0,,,,,
303,270 Unionville Indian Trail Rd,0,Indian Trail,North Carolina,28079,0.368219178,4154,10000,dry,75,75,39809,4,25,,14,0,,,,,
309,254 JP Taylor Rd,0,Henderson,North Carolina,27537,0.173589041,13335,42800,climate_controlled,55,75,3223,4,18,,14,0,,,,,
375,5920 N Tryon St,0,Charlotte,North Carolina,28213,0.394520548,13703,32986,climate_controlled,55,75,22184,4,16,,14,0,,,,,
175,309 40th Ave NW,0,Minot,North Dakota,58703,0.394520548,27036,65080,climate_controlled,55,75,35115,4,23,,1,1,North Dakota,1,,,
1,1387 SW Clarendon Ave,0,Canton,Ohio,44710,0.07890411,15132,145701,climate_controlled,55,75,36950,4.5,25,,9,9,Ohio,9,,,
155,845 Markison Ave,0,Columbus,Ohio,43207,0.068383562,182035,438175,climate_controlled,55,75,15976,4,22,,9,0,,,,,
177,535 Lakeview Plaza Blvd,0,Worthington,Ohio,43085,0.263013699,26658,85560,climate_controlled,55,75,33546,4,14,,9,0,,,,,
242,1304 Indianola Ave,0,Columbus,Ohio,43201,0.263013699,4237,20400,climate_controlled,55,75,159,4,15,,9,0,,,,,
266,4565 Willow Pky,0,Cuyahoga Heights,Ohio,44125,0.336657534,1807,8700,climate_controlled,55,75,528,4,22,,9,0,,,,,
268,818 Mulberry Rd SE,0,Canton,Ohio,44707,0.199890411,51930,500000,climate_controlled,55,75,1750,4,16,,9,0,,,,,
331,14970 Berkshire Industrial Pky,0,Middlefield,Ohio,44062,0.184109589,8740,21040,climate_controlled,55,75,17783,4,14,,9,0,,,,,
335,2095 Midway Dr,0,Twinsburg,Ohio,44087,0.231452055,4237,10200,climate_controlled,55,75,32214,4,23,,9,0,,,,,
368,4610-4648 Interstate Dr,0,Cincinnati,Ohio,45246,0.120986301,15558,149800,climate_controlled,55,75,35610,4,20,,9,0,,,,,
100,3700 W I-40 Service Rd,0,Oklahoma City,Oklahoma,73108,0.447123288,17720,170620,dry,75,75,30134,4,19,,2,2,Oklahoma,2,,,
139,1600 N Main St,0,Noble,Oklahoma,73068,0.526027397,69378,167000,climate_controlled,55,75,25439,4,21,,2,0,,,,,
99,630 SW Walnut St,0,Hillsboro,Oregon,97123,0.526027397,69729,167845,climate_controlled,55,75,38424,4,20,,7,7,Oregon,7,,,
223,20720 High Desert Ln,0,Bend,Oregon,97701,0.394520548,3738,9000,climate_controlled,55,75,22232,4,21,,7,0,,,,,
231,12402 SE Jennifer St,0,Clackamas,Oregon,97015,0.315616438,44244,106500,dry,75,75,17148,4,21,,7,0,,,,,
235,700-714 NE 55th Ave,0,Portland,Oregon,97213,0.241972603,23935,57615,climate_controlled,55,75,29057,4,25,,7,0,,,,,
277,3357 SE 22nd Ave,0,Portland,Oregon,97202,0.657534247,1620,5200,cooler,34,75,38258,4,20,,7,0,,,,,
292,545 Parsons Ave,0,Medford,Oregon,97501,0.43660274,498,4800,climate_controlled,55,75,24998,4,23,,7,0,,,,,
376,2211 SE Ochoco St,0,Portland,Oregon,97222,0.526027397,746,7191,climate_controlled,55,75,17658,4,16,,7,0,,,,,
126,800 Haunted Ln,0,Bensalem,Pennsylvania,19020,0.241972603,37389,180000,dry,75,75,21451,4,26,,11,11,Pennsylvania,11,,,
150,825-827 Nina Way,0,Warminster,Pennsylvania,18974,0.420821918,3633,17490,dry,75,75,22232,4.5,24,,11,0,,,,,
167,2930-2932 Lebanon Church Rd,0,West Mifflin,Pennsylvania,15122,0.210410959,50290,121053,climate_controlled,55,75,39158,4,29,,11,0,,,,,
179,100-106 Maplewood Dr,0,Hazleton,Pennsylvania,18202,0.163068493,28665,69000,climate_controlled,55,75,5909,4,22,,11,0,,,,,
182,3450 Salmon St,0,Philadelphia,Pennsylvania,19134,0.263013699,22849,110000,dry,75,75,288,4,10,,11,0,,,,,
183,1020 Industrial Blvd,0,Southampton,Pennsylvania,18966,0.284054795,7622,18348,climate_controlled,55,75,28413,4.5,20,,11,0,,,,,
300,2235 Castor Ave,0,Philadelphia,Pennsylvania,19134,0.263013699,20164,194155,cooler,34,75,28527,4,20,,11,0,,,,,
324,322 E Allen St,0,Mechanicsburg,Pennsylvania,17055,0.289315068,2077,20000,climate_controlled,55,75,20231,4,24,,11,0,,,,,
342,1302 Slate Hill Rd,0,Camp Hill,Pennsylvania,17011,0.347178082,11185,53850,cooler,34,75,17360,4,19,,11,0,,,,,
343,2367 N Penn Rd,0,Hatfield,Pennsylvania,19440,0.526027397,7699,18534,climate_controlled,55,75,29057,4,31,,11,0,,,,,
344,1308 Slate Hill Rd,0,Camp Hill,Pennsylvania,17011,0.215671233,934,9000,dry,75,75,3991,4.5,12,,11,0,,,,,
176,342 Compass Cir,0,North Kingstown,Rhode Island,2852,0.220931507,21145,203593,dry,75,75,13181,4,27,,1,1,Rhode Island,1,,,
11,537 Omni Industrial Blvd,0,Summerville,South Carolina,29483,0.205150685,122081,587720,dry,75,75,33701,4,14,,6,6,South Carolina,6,,,
35,3463 Lakemont Blvd,0,Fort Mill,South Carolina,29708,0.205150685,33581,107778,cooler,34,75,288,4,15,,6,0,,,,,
128,2824 Old Woodruff Rd,0,Greer,South Carolina,29651,0.352438356,2336,22500,dry,75,75,13639,4,20,,6,0,,,,,
171,1840 S Highway 14,0,Greer,South Carolina,29650,0.163068493,41544,100000,dry,75,75,10183,4,17,,6,0,,,,,
251,104 Mitchell Dr,0,Summerville,South Carolina,29483,0.468164384,560,1350,dry,75,75,1514,4,24,,6,0,,,,,
312,2300 Clements Ferry Rd,0,Charleston,South Carolina,29492,0.483945205,2530,24360,climate_controlled,55,75,11992,4,18,,6,0,,,,,
21,1545 Mountain Rd,0,Andersonville,Tennessee,37705,0.199890411,47713,114850,cooler,34,75,18294,4,19,,4,4,Tennessee,4,,,
89,3909 Outland Rd,0,Memphis,Tennessee,38118,0.131506849,12463,40000,climate_controlled,55,75,25923,4,26,,4,0,,,,,
123,101 Wheeler St,0,La Vergne,Tennessee,37086,0.41030137,3215,7740,dry,75,75,16330,4,18,,4,0,,,,,
244,906 Hart Ln,0,Nashville,Tennessee,37216,0.557589041,1278,12309,dry,75,75,12743,4,16,,4,0,,,,,
2,175 Southwestern Ave,0,New Braunfels,Texas,78130,0.210410959,123884,397600,climate_controlled,55,75,10220,4,23,,47,47,Texas,47,,,
6,197 S Edmonds St,0,Taylor,Texas,76574,0.315616438,15579,50000,dry,75,75,36493,4,11,,47,0,,,,,
38,12317 Technology Blvd,0,Austin,Texas,78727,0.341917808,25590,246390,frozen,0,75,574,4,44,,47,0,,,,,
50,3522 Bacor Rd,0,Houston,Texas,77084,0.420821918,830,8000,dry,75,75,35040,4,20,,47,0,,,,,
51,10001 Fannin St,0,Houston,Texas,77045,0.241972603,68225,218966,climate_controlled,55,75,8529,4,23,,47,0,,,,,
52,707 N Shepherd Dr,0,Houston,Texas,77007,0.520767123,12651,60908,cooler,34,75,21451,4,22,,47,0,,,,,
56,13720 FM 529 Rd,0,Houston,Texas,77041,0.326136986,2908,14000,cooler,34,75,8748,4,11,,47,0,,,,,
60,8404 Esters Blvd,0,Irving,Texas,75063,0.394520548,13648,65706,climate_controlled,55,75,36026,4,18,,47,0,,,,,
70,8303-8315 Knight Rd,0,Houston,Texas,77054,0.263013699,9347,90000,dry,75,75,3147,4,24,,47,0,,,,,
78,2047 Commerce Dr,0,Midland,Texas,79703,0.415561644,3738,18000,climate_controlled,55,75,38424,4,25,,47,0,,,,,
79,827 W 34th St,0,Houston,Texas,77018,0.657534247,7893,19000,dry,75,75,15022,4,20,,47,0,,,,,
82,9301-9307 Harwin Dr,0,Houston,Texas,77036,0.420821918,18564,89375,cooler,34,75,34694,4,24,,47,0,,,,,
83,11450 Bissonnet St,0,Houston,Texas,77099,0.420821918,43621,105000,climate_controlled,55,75,15195,4.5,13,,47,0,,,,,
91,200 Posey Rd,0,San Marcos,Texas,78666,0.447123288,20772,50000,climate_controlled,55,75,20449,4,27,,47,0,,,,,
107,2950 S Shaver St,0,Houston,Texas,77502,0.389260274,63977,154000,climate_controlled,55,75,39809,4,32,,47,0,,,,,
109,9801-9811 Harwin Dr,0,Houston,Texas,77036,0.420821918,39002,125175,climate_controlled,55,75,23988,4,23,,47,0,,,,,
114,6030-6040 Brittmoore Rd,0,Houston,Texas,77041,0.341917808,19821,95425,climate_controlled,55,75,28674,4,19,,47,0,,,,,
133,5301 Polk St,0,Houston,Texas,77023,0.394520548,35255,113152,cooler,34,75,16330,4.5,23,,47,0,,,,,
137,1137 Hackney St,0,Houston,Texas,77023,0.205150685,4891,15700,cooler,34,75,35106,4,19,,47,0,,,,,
138,1220 Telephone Rd,0,Houston,Texas,77023,0.205150685,3773,18165,dry,75,75,23988,4,25,,47,0,,,,,
144,107 Mcnutt Rd,0,Hutto,Texas,78634,0.46290411,623,6000,climate_controlled,55,75,32338,4,29,,47,0,,,,,
145,6931 Clinton Dr,0,Houston,Texas,77020,0.163068493,10361,33255,climate_controlled,55,75,25439,4,24,,47,0,,,,,
146,1738 W Tidwell Rd,0,Houston,Texas,77091,0.373479452,2077,10000,climate_controlled,55,75,27108,4,17,,47,0,,,,,
156,10060 W Sam Houston Pky S,0,Houston,Texas,77099,0.394520548,5193,50000,climate_controlled,55,75,35106,4,24,,47,0,,,,,
164,5909 Beverly Hill St,0,Houston,Texas,77057,0.352438356,891,8585,cooler,34,75,18975,4.5,18,,47,0,,,,,
172,1902-2086 S Houston Ave,0,Humble,Texas,77396,0.473424658,1163,11200,cooler,34,75,4854,4,19,,47,0,,,,,
174,14339 Auto Park Way,0,Houston,Texas,77083,0.43660274,7202,34672,dry,75,75,19931,4,19,,47,0,,,,,
186,6001 International Pky,0,McAllen,Texas,78503,0.815342466,21228,102200,dry,75,75,16327,4,20,,47,0,,,,,
187,905 W 13th St,0,Deer Park,Texas,77536,0.394520548,14955,36000,climate_controlled,55,75,10857,4.5,15,,47,0,,,,,
197,6231 E Stassney Ln,0,Austin,Texas,78744,0.336657534,40506,130002,climate_controlled,55,75,39481,4,20,,47,0,,,,,
199,3550 Lang Rd,0,Houston,Texas,77092,0.326136986,11058,26618,climate_controlled,55,75,32345,4,24,,47,0,,,,,
207,12300 N Houston Rosslyn Rd,0,Houston,Texas,77086,0.257753425,25549,61500,climate_controlled,55,75,22325,4,19,,47,0,,,,,
209,2200 S Interstate 35,0,San Marcos,Texas,78666,0.526027397,3661,11750,climate_controlled,55,75,33115,4,19,,47,0,,,,,
225,15716 Avenue C,0,Channelview,Texas,77530,0.352438356,5608,18000,climate_controlled,55,75,35040,4,20,,47,0,,,,,
238,236 Trademark St,0,Buda,Texas,78610,0.399780822,2570,12373,climate_controlled,55,75,19138,4.5,23,,47,0,,,,,
241,3435 FM 1960 Rd,0,Humble,Texas,77338,0.02630137,4362,14000,climate_controlled,55,75,25923,4,13,,47,0,,,,,
283,501A Rankin Rd,0,Houston,Texas,77073,0.368219178,2077,5000,climate_controlled,55,75,23431,4,15,,47,0,,,,,
304,2250 Dickinson Ave,0,Dickinson,Texas,77539,0.420821918,997,9600,dry,75,75,34906,4,16,,47,0,,,,,
306,11455 Newkirk St,0,Dallas,Texas,75229,0.352438356,3489,16800,dry,75,75,14126,4,16,,47,0,,,,,
313,3412 Schuyler St,0,Denton,Texas,76207,0.263013699,1869,6000,climate_controlled,55,75,7541,4,26,,47,0,,,,,
314,2832 Geesling Rd,0,Denton,Texas,76208,0.273534247,3427,16500,dry,75,75,10971,4,17,,47,0,,,,,
330,13207 Stafford Rd,0,Missouri City,Texas,77489,0.315616438,6074,29246,climate_controlled,55,75,23552,4,20,,47,0,,,,,
352,103 Riley Rd,0,Houston,Texas,77047,0.420821918,15579,150000,dry,75,75,13457,4,14,,47,0,,,,,
354,186 White Rd,0,Houston,Texas,77047,0.420821918,5508,26520,dry,75,75,11644,4,31,,47,0,,,,,
362,2004 N Frazier St,0,Conroe,Texas,77301,0.131506849,7492,36070,dry,75,75,36466,4,15,,47,0,,,,,
370,1300 E Richey Rd,0,Houston,Texas,77073,0.447123288,1869,9000,dry,75,75,39158,4,19,,47,0,,,,,
379,1950 S Is 35 San Marcos To 786,0,San Marcos,Texas,78666,0.867945205,1135,2733,climate_controlled,55,75,5909,4,23,,47,0,,,,,
252,864-866 S 500 W,0,Salt Lake City,Utah,84101,0.289315068,14011,134904,climate_controlled,55,75,26444,4,17,,2,2,Utah,2,,,
373,2215-2219 W 2200 S,0,Salt Lake City,Utah,84119,0.021041096,10408,33407,climate_controlled,55,75,19336,4.5,16,,2,0,,,,,
19,13142 Airpark Dr,0,Elkwood,Virginia,22718,0.241972603,11216,36000,climate_controlled,55,75,8748,4,20,,10,10,Virginia,10,,,
40,7664 Fullerton Rd,0,Springfield,Virginia,22153,0.426082192,13984,67326,dry,75,75,5909,4,31,,10,0,,,,,
41,7409-7411 Lockport Pl,0,Lorton,Virginia,22079,0.405041096,24632,59293,climate_controlled,55,75,11557,4,26,,10,0,,,,,
45,8535 Terminal Rd,0,Lorton,Virginia,22079,0.483945205,15273,36765,cooler,34,75,8431,4,19,,10,0,,,,,
46,8532 Terminal Rd,0,Lorton,Virginia,22079,0.483945205,3738,36000,dry,75,75,36026,4.5,18,,10,0,,,,,
65,7350-7370 Lockport Pl,0,Lorton,Virginia,22079,0.405041096,27460,66100,cooler,34,75,13457,4,16,,10,0,,,,,
66,7401-7403 Lockport Pl,0,Lorton,Virginia,22079,0.405041096,8181,78773,climate_controlled,55,75,21113,4,20,,10,0,,,,,
158,6200-6206 Gravel Ave,0,Alexandria,Virginia,22310,0.483945205,9692,46660,climate_controlled,55,75,32551,4,24,,10,0,,,,,
173,8534 Terminal Rd,0,Lorton,Virginia,22079,0.483945205,11216,36000,dry,75,75,37401,4,31,,10,0,,,,,
339,3125 Salem Tpke NW,0,Roanoke,Virginia,24017,0.110465753,26722,64324,cooler,34,75,21487,4,18,,10,0,,,,,
39,12308 NE 56th St,0,Vancouver,Washington,98682,0.384,30677,98457,climate_controlled,55,75,27361,4,23,,3,3,Washington,3,,,
192,8920 Orion Dr NE,0,Lacey,Washington,98516,0.252493151,5738,55250,climate_controlled,55,75,15914,4,30,,3,0,,,,,
356,11604 Airport Rd,0,Everett,Washington,98204,0.504986301,1805,17387,climate_controlled,55,75,23666,4,23,,3,0,,,,,
90,3901 Camden Ave,0,Parkersburg,West Virginia,26101,0.068383562,58161,280000,dry,75,75,23431,4,17,,1,1,West Virginia,1,,,
